sale_id,product_id,customer_id,sale_price,quantity,sale_date,total_revenue,sentiment_score,review_date,vip_status,vip_top20pct_by_spend
1001,P101,C_001,150.0,2,2023-01-15 00:00:00+00:00,300.0,4.5,16-01-2023,Non-VIP,0
1002,P102,C_002,75.0,3,2023-01-20 00:00:00+00:00,225.0,4.5,05-02-2023,Non-VIP,0
1004,P101,C_003,150.0,4,2023-01-02 00:00:00+00:00,600.0,3.7,18-02-2023,Non-VIP,0
1005,P104,C_004,30.0,1,2023-05-02 00:00:00+00:00,30.0,3.9,01-02-2023,Non-VIP,0
1006,P102,C_005,75.0,2,2023-10-02 00:00:00+00:00,150.0,4.0,11-02-2023,Non-VIP,0
1008,P101,C_006,150.0,3,2023-02-20 00:00:00+00:00,450.0,4.7,24-03-2023,Non-VIP,0
1010,P104,C_008,30.0,5,2023-01-03 00:00:00+00:00,150.0,4.0,02-03-2023,Non-VIP,0
1011,P102,C_009,75.0,1,2023-05-03 00:00:00+00:00,75.0,1.6,12-02-2023,Non-VIP,0
1012,P105,C_001,120.0,3,2023-10-03 00:00:00+00:00,360.0,2.5,11-03-2023,Non-VIP,0
1013,P103,C_010,250.5,1,2023-03-15 00:00:00+00:00,250.5,3.0,01-04-2023,Non-VIP,0
1016,P105,C_065,150.0,1,2023-12-01 00:00:00+00:00,150.0,4.4,07-01-2023,VIP,0
1017,P102,C_075,120.0,1,2023-03-13 00:00:00+00:00,120.0,1.0,03-03-2023,VIP,0
1021,P101,C_056,250.5,5,2023-03-02 00:00:00+00:00,1252.5,4.6,10-03-2023,VIP,1
1022,P104,C_079,150.0,4,2023-11-01 00:00:00+00:00,600.0,3.1,27-02-2023,VIP,1
1023,P103,C_091,120.0,3,2023-03-15 00:00:00+00:00,360.0,3.0,24-02-2023,Non-VIP,0
1025,P102,C_023,30.0,3,2023-02-28 00:00:00+00:00,90.0,3.9,26-02-2023,VIP,1
1026,P103,C_031,250.5,3,2023-01-27 00:00:00+00:00,751.5,3.0,25-02-2023,VIP,1
1030,P103,C_018,75.0,1,2023-02-10 00:00:00+00:00,75.0,1.4,31-03-2023,Non-VIP,0
1031,P103,C_019,75.0,5,2023-10-02 00:00:00+00:00,375.0,1.3,28-01-2023,VIP,0
1034,P105,C_065,120.0,4,2023-02-16 00:00:00+00:00,480.0,4.4,07-01-2023,VIP,0
1037,P101,C_060,30.0,5,2023-01-03 00:00:00+00:00,150.0,2.1,17-03-2023,VIP,0
1038,P103,C_081,150.0,1,2023-01-15 00:00:00+00:00,150.0,1.9,15-03-2023,VIP,1
1040,P104,C_031,30.0,1,2023-03-02 00:00:00+00:00,30.0,2.8,18-02-2023,VIP,1
1041,P102,C_075,150.0,1,2023-08-02 00:00:00+00:00,150.0,1.0,03-03-2023,VIP,0
1042,P105,C_088,75.0,2,2023-02-17 00:00:00+00:00,150.0,3.2,05-01-2023,VIP,1
1043,P105,C_078,150.0,5,2023-02-11 00:00:00+00:00,750.0,4.9,26-03-2023,VIP,1
1044,P101,C_025,250.5,3,2023-01-31 00:00:00+00:00,751.5,3.9,10-03-2023,VIP,0
1046,P105,C_027,75.0,1,2023-02-03 00:00:00+00:00,75.0,1.2,14-01-2023,VIP,1
1049,P103,C_067,120.0,4,2023-01-16 00:00:00+00:00,480.0,2.6,31-03-2023,VIP,0
1051,P102,C_086,75.0,1,2023-10-01 00:00:00+00:00,75.0,3.5,30-03-2023,VIP,0
1052,P101,C_040,150.0,1,2023-12-02 00:00:00+00:00,150.0,1.3,01-04-2023,Non-VIP,0
1053,P105,C_041,250.5,1,2023-04-03 00:00:00+00:00,250.5,4.6,15-03-2023,Non-VIP,0
1055,P102,C_071,30.0,2,2023-01-13 00:00:00+00:00,60.0,4.1,14-01-2023,VIP,1
1056,P104,C_056,30.0,4,2023-01-03 00:00:00+00:00,120.0,2.6,12-03-2023,VIP,1
1058,P104,C_054,150.0,2,2023-01-25 00:00:00+00:00,300.0,1.9,17-03-2023,VIP,1
1059,P105,C_068,75.0,4,2023-01-24 00:00:00+00:00,300.0,2.3,22-01-2023,VIP,1
1061,P101,C_094,120.0,1,2023-12-01 00:00:00+00:00,120.0,4.9,14-03-2023,Non-VIP,0
1062,P102,C_063,30.0,4,2023-01-28 00:00:00+00:00,120.0,3.2,27-03-2023,Non-VIP,0
1064,P104,C_047,30.0,1,2023-03-13 00:00:00+00:00,30.0,4.5,15-03-2023,Non-VIP,0
1066,P105,C_080,150.0,1,2023-10-02 00:00:00+00:00,150.0,1.5,27-03-2023,VIP,0
1071,P104,C_095,120.0,5,2023-03-08 00:00:00+00:00,600.0,3.5,26-03-2023,VIP,1
1073,P103,C_061,75.0,1,2023-03-24 00:00:00+00:00,75.0,2.8,08-02-2023,Non-VIP,0
1075,P105,C_023,150.0,5,2023-01-28 00:00:00+00:00,750.0,1.5,26-03-2023,VIP,1
1076,P103,C_027,250.5,1,2023-02-01 00:00:00+00:00,250.5,2.1,26-02-2023,VIP,1
1077,P103,C_031,30.0,5,2023-04-01 00:00:00+00:00,150.0,3.0,25-02-2023,VIP,1
1078,P105,C_094,120.0,1,2023-03-27 00:00:00+00:00,120.0,4.4,13-02-2023,Non-VIP,0
1080,P101,C_081,75.0,3,2023-06-02 00:00:00+00:00,225.0,4.1,30-03-2023,VIP,1
1081,P102,C_054,75.0,1,2023-03-23 00:00:00+00:00,75.0,4.7,22-03-2023,VIP,1
1082,P105,C_073,250.5,1,2023-12-01 00:00:00+00:00,250.5,3.6,31-03-2023,VIP,1
1083,P104,C_046,150.0,1,2023-12-02 00:00:00+00:00,150.0,4.6,24-03-2023,VIP,1
1085,P104,C_082,150.0,1,2023-10-01 00:00:00+00:00,150.0,2.6,25-02-2023,Non-VIP,0
1088,P101,C_056,75.0,1,2023-01-02 00:00:00+00:00,75.0,4.6,10-03-2023,VIP,1
1089,P101,C_056,120.0,4,2023-03-21 00:00:00+00:00,480.0,4.6,10-03-2023,VIP,1
1091,P102,C_053,30.0,1,2023-02-01 00:00:00+00:00,30.0,3.3,29-03-2023,VIP,0
1092,P102,C_024,30.0,1,2023-02-03 00:00:00+00:00,30.0,4.3,16-03-2023,Non-VIP,0
1093,P102,C_069,250.5,3,2023-01-30 00:00:00+00:00,751.5,3.8,20-02-2023,VIP,1
1094,P101,C_095,75.0,4,2023-02-12 00:00:00+00:00,300.0,3.3,30-03-2023,VIP,1
1096,P105,C_053,150.0,1,2023-03-02 00:00:00+00:00,150.0,3.8,27-03-2023,VIP,0
1097,P105,C_044,150.0,1,2023-03-18 00:00:00+00:00,150.0,4.9,21-03-2023,Non-VIP,0
1098,P103,C_051,30.0,5,2023-07-03 00:00:00+00:00,150.0,1.3,10-03-2023,VIP,0
1099,P104,C_084,75.0,3,2023-06-01 00:00:00+00:00,225.0,3.4,31-03-2023,Non-VIP,0
1100,P104,C_011,120.0,5,2023-03-29 00:00:00+00:00,600.0,3.6,08-02-2023,VIP,0
1101,P102,C_057,30.0,1,2023-03-27 00:00:00+00:00,30.0,1.2,20-02-2023,VIP,0
1103,P103,C_096,30.0,3,2023-02-21 00:00:00+00:00,90.0,4.1,07-01-2023,Non-VIP,0
1104,P103,C_081,75.0,2,2023-02-23 00:00:00+00:00,150.0,1.9,15-03-2023,VIP,1
1106,P103,C_062,120.0,1,2023-02-08 00:00:00+00:00,120.0,3.7,18-02-2023,VIP,0
1108,P104,C_067,30.0,1,2023-01-28 00:00:00+00:00,30.0,2.1,26-03-2023,VIP,0
1110,P105,C_053,150.0,2,2023-03-28 00:00:00+00:00,300.0,3.8,27-03-2023,VIP,0
1111,P102,C_036,75.0,1,2023-06-01 00:00:00+00:00,75.0,1.8,05-01-2023,VIP,0
1112,P104,C_089,150.0,4,2023-02-23 00:00:00+00:00,600.0,3.8,03-01-2023,Non-VIP,0
1115,P101,C_065,75.0,2,2023-03-31 00:00:00+00:00,150.0,2.8,05-03-2023,VIP,0
1116,P104,C_017,120.0,2,2023-01-16 00:00:00+00:00,240.0,3.2,04-01-2023,VIP,1
1118,P103,C_067,120.0,1,2023-03-06 00:00:00+00:00,120.0,2.6,31-03-2023,VIP,0
1119,P105,C_068,75.0,1,2023-03-02 00:00:00+00:00,75.0,2.3,22-01-2023,VIP,1
1121,P102,C_046,30.0,1,2023-06-02 00:00:00+00:00,30.0,4.4,06-01-2023,VIP,1
1122,P103,C_053,250.5,5,2023-11-01 00:00:00+00:00,1252.5,2.7,01-04-2023,VIP,0
1123,P102,C_040,30.0,1,2023-01-20 00:00:00+00:00,30.0,2.0,06-01-2023,Non-VIP,0
1125,P104,C_064,150.0,2,2023-02-23 00:00:00+00:00,300.0,4.1,26-02-2023,VIP,0
1126,P105,C_013,120.0,4,2023-03-03 00:00:00+00:00,480.0,1.3,06-01-2023,Non-VIP,0
1128,P105,C_088,75.0,4,2023-01-29 00:00:00+00:00,300.0,3.2,05-01-2023,VIP,1
1129,P104,C_073,150.0,4,2023-02-13 00:00:00+00:00,600.0,3.2,03-03-2023,VIP,1
1130,P104,C_032,30.0,2,2023-03-21 00:00:00+00:00,60.0,2.5,25-01-2023,Non-VIP,0
1132,P101,C_093,30.0,2,2023-01-03 00:00:00+00:00,60.0,3.1,19-02-2023,Non-VIP,0
1133,P101,C_044,30.0,3,2023-01-28 00:00:00+00:00,90.0,2.6,24-02-2023,Non-VIP,0
1134,P103,C_054,30.0,3,2023-02-23 00:00:00+00:00,90.0,2.8,17-02-2023,VIP,1
1137,P101,C_042,75.0,1,2023-03-21 00:00:00+00:00,75.0,1.4,01-04-2023,Non-VIP,0
1138,P102,C_027,30.0,1,2023-01-15 00:00:00+00:00,30.0,1.3,26-01-2023,VIP,1
1141,P103,C_024,120.0,1,2023-09-02 00:00:00+00:00,120.0,2.3,25-03-2023,Non-VIP,0
1144,P101,C_083,150.0,3,2023-03-10 00:00:00+00:00,450.0,1.4,26-03-2023,VIP,1
1145,P103,C_019,120.0,1,2023-02-13 00:00:00+00:00,120.0,1.3,28-01-2023,VIP,0
1146,P104,C_073,150.0,4,2023-02-16 00:00:00+00:00,600.0,3.2,03-03-2023,VIP,1
1148,P103,C_089,120.0,4,2023-03-01 00:00:00+00:00,480.0,2.4,08-02-2023,Non-VIP,0
1149,P105,C_045,250.5,2,2023-01-12 00:00:00+00:00,501.0,4.0,26-03-2023,Non-VIP,0
1151,P104,C_054,150.0,4,2023-11-02 00:00:00+00:00,600.0,1.9,17-03-2023,VIP,1
1152,P104,C_038,250.5,3,2023-02-13 00:00:00+00:00,751.5,2.5,17-02-2023,Non-VIP,0
1153,P105,C_046,120.0,1,2023-08-03 00:00:00+00:00,120.0,3.4,22-03-2023,VIP,1
1155,P102,C_099,30.0,1,2023-03-04 00:00:00+00:00,30.0,3.8,13-01-2023,VIP,1
1156,P101,C_022,250.5,2,2023-02-21 00:00:00+00:00,501.0,1.6,08-03-2023,Non-VIP,0
1158,P105,C_078,250.5,4,2023-03-12 00:00:00+00:00,1002.0,4.9,26-03-2023,VIP,1
1159,P103,C_069,250.5,3,2023-02-02 00:00:00+00:00,751.5,4.0,18-02-2023,VIP,1
1160,P101,C_035,250.5,1,2023-10-03 00:00:00+00:00,250.5,4.4,28-02-2023,VIP,0
1162,P105,C_078,120.0,3,2023-01-13 00:00:00+00:00,360.0,4.9,26-03-2023,VIP,1
1164,P105,C_027,250.5,1,2023-07-01 00:00:00+00:00,250.5,1.2,14-01-2023,VIP,1
1167,P102,C_017,250.5,4,2023-01-15 00:00:00+00:00,1002.0,2.0,14-03-2023,VIP,1
1168,P104,C_073,150.0,5,2023-03-22 00:00:00+00:00,750.0,3.2,03-03-2023,VIP,1
1169,P101,C_030,75.0,5,2023-08-02 00:00:00+00:00,375.0,1.7,03-03-2023,Non-VIP,0
1170,P102,C_026,120.0,4,2023-03-19 00:00:00+00:00,480.0,4.1,25-03-2023,VIP,0
1171,P105,C_039,120.0,4,2023-02-27 00:00:00+00:00,480.0,1.2,22-03-2023,VIP,0
1172,P103,C_086,30.0,3,2023-03-14 00:00:00+00:00,90.0,2.0,02-03-2023,VIP,0
1176,P104,C_099,120.0,4,2023-07-02 00:00:00+00:00,480.0,3.8,11-01-2023,VIP,1
1178,P101,C_098,75.0,3,2023-03-22 00:00:00+00:00,225.0,4.1,12-02-2023,VIP,1
1183,P103,C_075,120.0,4,2023-02-26 00:00:00+00:00,480.0,1.9,27-02-2023,VIP,0
1185,P103,C_014,150.0,2,2023-03-28 00:00:00+00:00,300.0,2.1,25-02-2023,Non-VIP,0
1187,P102,C_071,120.0,1,2023-02-26 00:00:00+00:00,120.0,4.1,14-01-2023,VIP,1
1189,P104,C_055,30.0,3,2023-11-02 00:00:00+00:00,90.0,1.3,28-03-2023,VIP,0
1190,P101,C_031,250.5,4,2023-03-30 00:00:00+00:00,1002.0,1.8,18-03-2023,VIP,1
1192,P101,C_051,250.5,3,2023-01-15 00:00:00+00:00,751.5,1.7,03-02-2023,VIP,0
1194,P101,C_035,120.0,3,2023-03-21 00:00:00+00:00,360.0,4.4,28-02-2023,VIP,0
1195,P104,C_017,75.0,3,2023-12-03 00:00:00+00:00,225.0,3.2,04-01-2023,VIP,1
1198,P101,C_081,30.0,1,2023-01-29 00:00:00+00:00,30.0,4.1,30-03-2023,VIP,1
1202,P102,C_087,120.0,1,2023-01-18 00:00:00+00:00,120.0,4.2,16-03-2023,Non-VIP,0
1203,P103,C_064,250.5,5,2023-04-02 00:00:00+00:00,1252.5,2.1,27-02-2023,VIP,0
1205,P102,C_068,120.0,4,2023-02-14 00:00:00+00:00,480.0,2.8,04-03-2023,VIP,1
1206,P105,C_080,30.0,4,2023-11-02 00:00:00+00:00,120.0,1.5,27-03-2023,VIP,0
1207,P102,C_084,30.0,2,2023-02-22 00:00:00+00:00,60.0,2.2,21-03-2023,Non-VIP,0
1209,P102,C_074,150.0,2,2023-06-03 00:00:00+00:00,300.0,2.9,26-02-2023,VIP,0
1210,P103,C_023,30.0,1,2023-03-09 00:00:00+00:00,30.0,4.1,19-01-2023,VIP,1
1214,P104,C_080,150.0,5,2023-09-01 00:00:00+00:00,750.0,2.9,25-02-2023,VIP,0
1217,P101,C_052,150.0,3,2023-02-15 00:00:00+00:00,450.0,2.4,27-03-2023,Non-VIP,0
1218,P104,C_029,75.0,5,2023-02-22 00:00:00+00:00,375.0,4.6,18-01-2023,Non-VIP,0
1219,P102,C_032,75.0,1,2023-03-20 00:00:00+00:00,75.0,2.8,23-02-2023,Non-VIP,0
1222,P101,C_070,250.5,1,2023-11-03 00:00:00+00:00,250.5,2.9,02-01-2023,VIP,0
1224,P104,C_099,250.5,4,2023-08-02 00:00:00+00:00,1002.0,3.8,11-01-2023,VIP,1
1226,P103,C_084,250.5,1,2023-07-02 00:00:00+00:00,250.5,1.8,23-02-2023,Non-VIP,0
1227,P104,C_046,150.0,5,2023-03-29 00:00:00+00:00,750.0,4.6,24-03-2023,VIP,1
1229,P105,C_056,75.0,1,2023-01-25 00:00:00+00:00,75.0,3.6,01-04-2023,VIP,1
1235,P102,C_043,30.0,3,2023-02-13 00:00:00+00:00,90.0,1.2,07-03-2023,Non-VIP,0
1237,P104,C_082,250.5,1,2023-02-20 00:00:00+00:00,250.5,2.6,25-02-2023,Non-VIP,0
1238,P103,C_079,150.0,4,2023-02-17 00:00:00+00:00,600.0,3.0,11-02-2023,VIP,1
1239,P103,C_085,30.0,1,2023-02-17 00:00:00+00:00,30.0,1.3,22-03-2023,Non-VIP,0
1240,P102,C_071,150.0,5,2023-03-13 00:00:00+00:00,750.0,4.1,14-01-2023,VIP,1
1242,P103,C_094,30.0,1,2023-01-18 00:00:00+00:00,30.0,1.8,14-02-2023,Non-VIP,0
1243,P101,C_049,30.0,1,2023-01-13 00:00:00+00:00,30.0,1.8,25-03-2023,Non-VIP,0
1244,P105,C_028,30.0,4,2023-02-17 00:00:00+00:00,120.0,2.4,28-02-2023,VIP,0
1247,P103,C_038,30.0,4,2023-01-31 00:00:00+00:00,120.0,2.0,16-03-2023,Non-VIP,0
1248,P101,C_098,250.5,5,2023-03-24 00:00:00+00:00,1252.5,4.1,12-02-2023,VIP,1
1250,P101,C_095,75.0,1,2023-03-23 00:00:00+00:00,75.0,3.3,30-03-2023,VIP,1
1251,P101,C_017,250.5,2,2023-01-17 00:00:00+00:00,501.0,1.5,18-03-2023,VIP,1
1253,P102,C_053,75.0,5,2023-01-01 00:00:00+00:00,375.0,3.3,29-03-2023,VIP,0
1254,P102,C_027,120.0,3,2023-01-23 00:00:00+00:00,360.0,1.3,26-01-2023,VIP,1
1255,P101,C_027,150.0,3,2023-01-31 00:00:00+00:00,450.0,4.7,23-01-2023,VIP,1
1257,P104,C_078,150.0,1,2023-01-09 00:00:00+00:00,150.0,1.2,24-03-2023,VIP,1
1258,P104,C_057,120.0,5,2023-01-14 00:00:00+00:00,600.0,2.4,11-02-2023,VIP,0
1259,P105,C_039,120.0,1,2023-03-26 00:00:00+00:00,120.0,1.2,22-03-2023,VIP,0
1263,P101,C_027,250.5,5,2023-03-23 00:00:00+00:00,1252.5,4.7,23-01-2023,VIP,1
1264,P105,C_052,30.0,5,2023-03-09 00:00:00+00:00,150.0,3.9,28-02-2023,Non-VIP,0
1265,P104,C_075,120.0,4,2023-01-13 00:00:00+00:00,480.0,4.0,05-03-2023,VIP,0
1268,P104,C_023,250.5,4,2023-10-02 00:00:00+00:00,1002.0,3.1,28-03-2023,VIP,1
1270,P101,C_021,150.0,4,2023-01-13 00:00:00+00:00,600.0,4.7,12-02-2023,VIP,1
1271,P103,C_027,120.0,1,2023-03-17 00:00:00+00:00,120.0,2.1,26-02-2023,VIP,1
1273,P104,C_017,250.5,5,2023-02-09 00:00:00+00:00,1252.5,3.2,04-01-2023,VIP,1
1275,P104,C_039,150.0,3,2023-03-13 00:00:00+00:00,450.0,1.8,05-01-2023,VIP,0
1279,P103,C_050,250.5,3,2023-01-01 00:00:00+00:00,751.5,4.9,26-01-2023,Non-VIP,0
1282,P104,C_069,250.5,2,2023-02-17 00:00:00+00:00,501.0,1.3,02-03-2023,VIP,1
1283,P103,C_083,120.0,1,2023-07-01 00:00:00+00:00,120.0,1.6,10-01-2023,VIP,1
1285,P104,C_095,30.0,4,2023-03-19 00:00:00+00:00,120.0,3.5,26-03-2023,VIP,1
1287,P104,C_025,250.5,1,2023-03-28 00:00:00+00:00,250.5,2.2,24-03-2023,VIP,0
1289,P104,C_087,150.0,1,2023-01-27 00:00:00+00:00,150.0,3.5,15-03-2023,Non-VIP,0
1290,P102,C_028,250.5,3,2023-11-02 00:00:00+00:00,751.5,2.1,31-03-2023,VIP,0
1293,P103,C_020,30.0,1,2023-01-06 00:00:00+00:00,30.0,2.0,20-03-2023,Non-VIP,0
1296,P101,C_062,150.0,3,2023-01-22 00:00:00+00:00,450.0,1.6,04-01-2023,VIP,0
1297,P104,C_099,250.5,1,2023-02-25 00:00:00+00:00,250.5,3.8,11-01-2023,VIP,1
1301,P105,C_035,250.5,3,2023-03-24 00:00:00+00:00,751.5,3.5,04-03-2023,VIP,0
1302,P102,C_024,75.0,3,2023-01-26 00:00:00+00:00,225.0,4.3,16-03-2023,Non-VIP,0
1304,P104,C_070,120.0,5,2023-02-27 00:00:00+00:00,600.0,1.1,26-02-2023,VIP,0
1306,P103,C_030,30.0,1,2023-03-02 00:00:00+00:00,30.0,2.4,14-03-2023,Non-VIP,0
1307,P103,C_046,120.0,1,2023-02-15 00:00:00+00:00,120.0,1.7,18-01-2023,VIP,1
1308,P101,C_050,30.0,4,2023-05-01 00:00:00+00:00,120.0,3.9,17-03-2023,Non-VIP,0
1311,P101,C_068,120.0,1,2023-01-25 00:00:00+00:00,120.0,1.2,01-03-2023,VIP,1
1314,P102,C_016,75.0,1,2023-02-26 00:00:00+00:00,75.0,2.5,07-02-2023,Non-VIP,0
1315,P105,C_077,120.0,2,2023-02-16 00:00:00+00:00,240.0,3.1,12-03-2023,VIP,0
1320,P102,C_055,250.5,1,2023-03-31 00:00:00+00:00,250.5,1.3,19-03-2023,VIP,0
1321,P104,C_027,120.0,1,2023-01-11 00:00:00+00:00,120.0,2.8,26-03-2023,VIP,1
1325,P103,C_073,75.0,2,2023-01-18 00:00:00+00:00,150.0,2.4,27-02-2023,VIP,1
1326,P101,C_048,150.0,5,2023-11-03 00:00:00+00:00,750.0,4.0,20-03-2023,Non-VIP,0
1331,P103,C_068,75.0,5,2023-01-31 00:00:00+00:00,375.0,4.6,01-02-2023,VIP,1
1332,P104,C_035,250.5,1,2023-03-15 00:00:00+00:00,250.5,3.2,04-03-2023,VIP,0
1333,P104,C_047,30.0,5,2023-03-09 00:00:00+00:00,150.0,4.5,15-03-2023,Non-VIP,0
1334,P102,C_036,120.0,2,2023-02-02 00:00:00+00:00,240.0,1.8,05-01-2023,VIP,0
1335,P104,C_058,120.0,1,2023-08-03 00:00:00+00:00,120.0,2.7,21-02-2023,VIP,0
1336,P103,C_021,75.0,3,2023-02-27 00:00:00+00:00,225.0,2.7,02-03-2023,VIP,1
1338,P101,C_064,150.0,4,2023-03-06 00:00:00+00:00,600.0,2.3,16-03-2023,VIP,0
1339,P102,C_060,150.0,3,2023-01-29 00:00:00+00:00,450.0,3.7,15-02-2023,VIP,0
1343,P103,C_038,75.0,5,2023-03-19 00:00:00+00:00,375.0,2.0,16-03-2023,Non-VIP,0
1344,P104,C_025,250.5,2,2023-08-02 00:00:00+00:00,501.0,2.2,24-03-2023,VIP,0
1345,P101,C_041,30.0,1,2023-03-21 00:00:00+00:00,30.0,4.0,12-03-2023,Non-VIP,0
1346,P101,C_025,30.0,5,2023-10-03 00:00:00+00:00,150.0,3.9,10-03-2023,VIP,0
1347,P105,C_084,75.0,1,2023-01-19 00:00:00+00:00,75.0,1.4,26-02-2023,Non-VIP,0
1348,P104,C_011,120.0,3,2023-01-31 00:00:00+00:00,360.0,3.6,08-02-2023,VIP,0
1350,P103,C_019,120.0,5,2023-06-03 00:00:00+00:00,600.0,1.3,28-01-2023,VIP,0
1351,P105,C_013,30.0,4,2023-06-01 00:00:00+00:00,120.0,1.3,06-01-2023,Non-VIP,0
1352,P104,C_058,250.5,1,2023-01-03 00:00:00+00:00,250.5,2.7,21-02-2023,VIP,0
1353,P101,C_055,75.0,1,2023-03-26 00:00:00+00:00,75.0,3.0,09-02-2023,VIP,0
1355,P103,C_080,250.5,1,2023-01-23 00:00:00+00:00,250.5,2.9,30-01-2023,VIP,0
1358,P101,C_051,250.5,5,2023-02-20 00:00:00+00:00,1252.5,1.7,03-02-2023,VIP,0
1361,P103,C_066,30.0,1,2023-02-26 00:00:00+00:00,30.0,1.4,21-02-2023,Non-VIP,0
1362,P103,C_034,30.0,1,2023-03-05 00:00:00+00:00,30.0,2.2,24-03-2023,Non-VIP,0
1363,P105,C_045,150.0,1,2023-02-24 00:00:00+00:00,150.0,4.0,26-03-2023,Non-VIP,0
1364,P104,C_088,75.0,5,2023-02-07 00:00:00+00:00,375.0,4.6,18-02-2023,VIP,1
1365,P101,C_021,250.5,1,2023-02-07 00:00:00+00:00,250.5,4.7,12-02-2023,VIP,1
1367,P104,C_055,30.0,1,2023-02-15 00:00:00+00:00,30.0,1.3,28-03-2023,VIP,0
1369,P104,C_057,120.0,1,2023-03-28 00:00:00+00:00,120.0,2.4,11-02-2023,VIP,0
1372,P104,C_083,150.0,5,2023-01-20 00:00:00+00:00,750.0,3.4,04-03-2023,VIP,1
1373,P104,C_058,250.5,4,2023-10-01 00:00:00+00:00,1002.0,2.7,21-02-2023,VIP,0
1374,P102,C_078,250.5,4,2023-10-02 00:00:00+00:00,1002.0,1.9,05-03-2023,VIP,1
1375,P103,C_042,150.0,1,2023-01-24 00:00:00+00:00,150.0,3.7,31-01-2023,Non-VIP,0
1377,P104,C_038,120.0,3,2023-03-30 00:00:00+00:00,360.0,2.5,17-02-2023,Non-VIP,0
1378,P102,C_026,75.0,1,2023-02-27 00:00:00+00:00,75.0,4.1,25-03-2023,VIP,0
1380,P101,C_081,120.0,3,2023-08-02 00:00:00+00:00,360.0,4.1,30-03-2023,VIP,1
1381,P102,C_057,120.0,2,2023-01-16 00:00:00+00:00,240.0,1.2,20-02-2023,VIP,0
1384,P101,C_019,250.5,4,2023-03-03 00:00:00+00:00,1002.0,3.9,04-03-2023,VIP,0
1385,P104,C_063,120.0,1,2023-01-17 00:00:00+00:00,120.0,3.5,26-03-2023,Non-VIP,0
1386,P101,C_068,30.0,1,2023-03-08 00:00:00+00:00,30.0,1.2,01-03-2023,VIP,1
1388,P104,C_075,150.0,1,2023-08-03 00:00:00+00:00,150.0,4.0,05-03-2023,VIP,0
1389,P103,C_032,75.0,3,2023-01-04 00:00:00+00:00,225.0,2.3,16-03-2023,Non-VIP,0
1391,P105,C_046,75.0,1,2023-08-02 00:00:00+00:00,75.0,3.4,22-03-2023,VIP,1
1394,P105,C_054,120.0,1,2023-04-01 00:00:00+00:00,120.0,1.2,15-03-2023,VIP,1
1395,P101,C_093,120.0,3,2023-03-25 00:00:00+00:00,360.0,3.1,19-02-2023,Non-VIP,0
1398,P104,C_049,30.0,1,2023-03-30 00:00:00+00:00,30.0,4.1,31-03-2023,Non-VIP,0
1399,P102,C_067,30.0,4,2023-01-03 00:00:00+00:00,120.0,1.4,17-02-2023,VIP,0
1400,P103,C_088,75.0,3,2023-10-02 00:00:00+00:00,225.0,4.1,13-03-2023,VIP,1
1401,P103,C_062,75.0,3,2023-07-03 00:00:00+00:00,225.0,3.7,18-02-2023,VIP,0
1402,P101,C_051,75.0,4,2023-01-16 00:00:00+00:00,300.0,1.7,03-02-2023,VIP,0
1404,P104,C_089,30.0,2,2023-01-21 00:00:00+00:00,60.0,3.8,03-01-2023,Non-VIP,0
1405,P105,C_051,75.0,2,2023-05-03 00:00:00+00:00,150.0,3.3,25-03-2023,VIP,0
1406,P104,C_074,250.5,4,2023-03-01 00:00:00+00:00,1002.0,3.1,30-03-2023,VIP,0
1407,P104,C_075,30.0,2,2023-01-28 00:00:00+00:00,60.0,4.0,05-03-2023,VIP,0
1408,P103,C_017,150.0,3,2023-05-03 00:00:00+00:00,450.0,1.5,22-01-2023,VIP,1
1409,P104,C_047,120.0,1,2023-01-14 00:00:00+00:00,120.0,4.5,15-03-2023,Non-VIP,0
1411,P101,C_062,150.0,5,2023-03-13 00:00:00+00:00,750.0,1.6,04-01-2023,VIP,0
1412,P103,C_081,250.5,1,2023-02-19 00:00:00+00:00,250.5,1.9,15-03-2023,VIP,1
1413,P104,C_081,250.5,5,2023-03-29 00:00:00+00:00,1252.5,3.4,15-03-2023,VIP,1
1414,P101,C_027,150.0,4,2023-02-17 00:00:00+00:00,600.0,4.7,23-01-2023,VIP,1
1415,P105,C_057,75.0,2,2023-03-19 00:00:00+00:00,150.0,4.5,08-03-2023,VIP,0
1416,P104,C_075,150.0,1,2023-05-01 00:00:00+00:00,150.0,4.0,05-03-2023,VIP,0
1417,P103,C_071,120.0,4,2023-01-20 00:00:00+00:00,480.0,3.1,09-03-2023,VIP,1
1418,P105,C_028,250.5,5,2023-10-02 00:00:00+00:00,1252.5,2.4,28-02-2023,VIP,0
1421,P103,C_071,150.0,3,2023-12-02 00:00:00+00:00,450.0,3.1,09-03-2023,VIP,1
1422,P101,C_064,120.0,3,2023-03-30 00:00:00+00:00,360.0,2.3,16-03-2023,VIP,0
1423,P101,C_087,30.0,3,2023-03-25 00:00:00+00:00,90.0,1.2,24-03-2023,Non-VIP,0
1427,P101,C_035,150.0,4,2023-02-10 00:00:00+00:00,600.0,4.4,28-02-2023,VIP,0
1430,P102,C_077,75.0,5,2023-11-02 00:00:00+00:00,375.0,3.1,07-02-2023,VIP,0
1431,P104,C_078,30.0,3,2023-01-23 00:00:00+00:00,90.0,1.2,24-03-2023,VIP,1
1432,P105,C_054,120.0,3,2023-03-28 00:00:00+00:00,360.0,1.2,15-03-2023,VIP,1
1433,P103,C_089,30.0,2,2023-02-01 00:00:00+00:00,60.0,2.4,08-02-2023,Non-VIP,0
1434,P105,C_049,75.0,3,2023-06-02 00:00:00+00:00,225.0,5.0,11-03-2023,Non-VIP,0
1437,P105,C_097,120.0,4,2023-02-20 00:00:00+00:00,480.0,4.7,02-02-2023,Non-VIP,0
1438,P102,C_048,150.0,3,2023-01-11 00:00:00+00:00,450.0,3.0,28-02-2023,Non-VIP,0
1440,P102,C_079,250.5,5,2023-03-31 00:00:00+00:00,1252.5,4.2,30-01-2023,VIP,1
1441,P102,C_024,120.0,1,2023-03-17 00:00:00+00:00,120.0,4.3,16-03-2023,Non-VIP,0
1443,P102,C_017,150.0,4,2023-12-02 00:00:00+00:00,600.0,2.0,14-03-2023,VIP,1
1446,P102,C_047,250.5,3,2023-03-24 00:00:00+00:00,751.5,2.0,22-02-2023,Non-VIP,0
1447,P101,C_094,120.0,2,2023-10-03 00:00:00+00:00,240.0,4.9,14-03-2023,Non-VIP,0
1448,P101,C_033,30.0,2,2023-01-05 00:00:00+00:00,60.0,1.7,12-03-2023,Non-VIP,0
1450,P103,C_083,120.0,1,2023-02-12 00:00:00+00:00,120.0,1.6,10-01-2023,VIP,1
1451,P104,C_093,120.0,5,2023-05-03 00:00:00+00:00,600.0,2.5,02-03-2023,Non-VIP,0
1452,P105,C_070,250.5,2,2023-01-15 00:00:00+00:00,501.0,3.0,11-02-2023,VIP,0
1457,P104,C_052,75.0,1,2023-02-03 00:00:00+00:00,75.0,3.5,10-01-2023,Non-VIP,0
1458,P102,C_068,250.5,3,2023-08-02 00:00:00+00:00,751.5,2.8,04-03-2023,VIP,1
1463,P102,C_028,30.0,2,2023-02-28 00:00:00+00:00,60.0,2.1,31-03-2023,VIP,0
1465,P105,C_096,75.0,2,2023-03-29 00:00:00+00:00,150.0,3.8,05-03-2023,Non-VIP,0
1466,P101,C_078,30.0,5,2023-04-01 00:00:00+00:00,150.0,4.7,31-01-2023,VIP,1
1467,P101,C_083,150.0,1,2023-12-03 00:00:00+00:00,150.0,1.4,26-03-2023,VIP,1
1468,P102,C_084,120.0,2,2023-01-22 00:00:00+00:00,240.0,2.2,21-03-2023,Non-VIP,0
1469,P105,C_067,150.0,1,2023-01-27 00:00:00+00:00,150.0,2.4,07-01-2023,VIP,0
1470,P105,C_073,150.0,5,2023-02-27 00:00:00+00:00,750.0,3.6,31-03-2023,VIP,1
1471,P104,C_027,120.0,4,2023-02-28 00:00:00+00:00,480.0,2.8,26-03-2023,VIP,1
1472,P101,C_082,30.0,1,2023-09-02 00:00:00+00:00,30.0,3.2,16-01-2023,Non-VIP,0
1475,P105,C_018,150.0,4,2023-01-05 00:00:00+00:00,600.0,3.8,27-01-2023,Non-VIP,0
1476,P104,C_034,75.0,1,2023-03-24 00:00:00+00:00,75.0,2.4,26-02-2023,Non-VIP,0
1477,P103,C_059,30.0,4,2023-02-18 00:00:00+00:00,120.0,1.5,17-01-2023,VIP,0
1479,P105,C_061,120.0,2,2023-01-29 00:00:00+00:00,240.0,2.1,11-03-2023,Non-VIP,0
1480,P101,C_049,30.0,1,2023-03-11 00:00:00+00:00,30.0,1.8,25-03-2023,Non-VIP,0
1482,P102,C_046,75.0,1,2023-01-15 00:00:00+00:00,75.0,4.4,06-01-2023,VIP,1
1483,P104,C_089,150.0,2,2023-01-27 00:00:00+00:00,300.0,3.8,03-01-2023,Non-VIP,0
1484,P101,C_087,150.0,4,2023-03-18 00:00:00+00:00,600.0,1.2,24-03-2023,Non-VIP,0
1488,P105,C_097,250.5,2,2023-08-02 00:00:00+00:00,501.0,4.7,02-02-2023,Non-VIP,0
1489,P105,C_039,30.0,3,2023-05-02 00:00:00+00:00,90.0,1.2,22-03-2023,VIP,0
1491,P104,C_082,30.0,1,2023-02-14 00:00:00+00:00,30.0,2.6,25-02-2023,Non-VIP,0
1492,P104,C_078,250.5,1,2023-02-23 00:00:00+00:00,250.5,1.2,24-03-2023,VIP,1
1493,P102,C_049,30.0,2,2023-03-10 00:00:00+00:00,60.0,3.1,01-02-2023,Non-VIP,0
1494,P102,C_039,250.5,1,2023-01-19 00:00:00+00:00,250.5,4.5,23-01-2023,VIP,0
1495,P101,C_082,30.0,4,2023-03-13 00:00:00+00:00,120.0,3.2,16-01-2023,Non-VIP,0
1496,P102,C_060,75.0,3,2023-01-27 00:00:00+00:00,225.0,3.7,15-02-2023,VIP,0
1497,P101,C_068,250.5,1,2023-10-03 00:00:00+00:00,250.5,1.2,01-03-2023,VIP,1
1498,P102,C_017,250.5,4,2023-03-28 00:00:00+00:00,1002.0,2.0,14-03-2023,VIP,1
1500,P105,C_038,30.0,2,2023-02-12 00:00:00+00:00,60.0,3.9,26-02-2023,Non-VIP,0
1501,P101,C_038,75.0,1,2023-01-16 00:00:00+00:00,75.0,1.9,13-03-2023,Non-VIP,0
1507,P101,C_083,75.0,1,2023-01-19 00:00:00+00:00,75.0,1.4,26-03-2023,VIP,1
1508,P103,C_081,120.0,5,2023-02-23 00:00:00+00:00,600.0,1.9,15-03-2023,VIP,1
1509,P102,C_036,250.5,2,2023-02-18 00:00:00+00:00,501.0,1.8,05-01-2023,VIP,0
1510,P102,C_074,120.0,1,2023-03-29 00:00:00+00:00,120.0,2.9,26-02-2023,VIP,0
1512,P102,C_056,75.0,2,2023-03-11 00:00:00+00:00,150.0,4.3,04-03-2023,VIP,1
1516,P105,C_069,250.5,1,2023-03-21 00:00:00+00:00,250.5,2.6,16-03-2023,VIP,1
1518,P105,C_081,30.0,1,2023-03-01 00:00:00+00:00,30.0,2.2,09-01-2023,VIP,1
1519,P103,C_079,250.5,1,2023-06-03 00:00:00+00:00,250.5,3.0,11-02-2023,VIP,1
1520,P104,C_033,150.0,1,2023-09-03 00:00:00+00:00,150.0,4.2,08-02-2023,Non-VIP,0
1522,P103,C_061,150.0,3,2023-02-21 00:00:00+00:00,450.0,2.8,08-02-2023,Non-VIP,0
1525,P104,C_059,120.0,4,2023-08-01 00:00:00+00:00,480.0,2.0,20-01-2023,VIP,0
1527,P103,C_083,150.0,5,2023-06-01 00:00:00+00:00,750.0,1.6,10-01-2023,VIP,1
1528,P102,C_099,120.0,4,2023-04-02 00:00:00+00:00,480.0,3.8,13-01-2023,VIP,1
1529,P101,C_098,250.5,5,2023-03-14 00:00:00+00:00,1252.5,4.1,12-02-2023,VIP,1
1530,P101,C_033,250.5,1,2023-01-27 00:00:00+00:00,250.5,1.7,12-03-2023,Non-VIP,0
1531,P102,C_061,150.0,3,2023-01-21 00:00:00+00:00,450.0,1.5,09-03-2023,Non-VIP,0
1534,P103,C_017,150.0,4,2023-01-30 00:00:00+00:00,600.0,1.5,22-01-2023,VIP,1
1535,P103,C_088,120.0,5,2023-02-20 00:00:00+00:00,600.0,4.1,13-03-2023,VIP,1
1537,P103,C_081,30.0,4,2023-01-24 00:00:00+00:00,120.0,1.9,15-03-2023,VIP,1
1538,P105,C_095,30.0,1,2023-03-21 00:00:00+00:00,30.0,3.7,28-02-2023,VIP,1
1540,P102,C_060,250.5,3,2023-01-14 00:00:00+00:00,751.5,3.7,15-02-2023,VIP,0
1541,P101,C_050,30.0,3,2023-04-02 00:00:00+00:00,90.0,3.9,17-03-2023,Non-VIP,0
1542,P102,C_022,75.0,4,2023-02-27 00:00:00+00:00,300.0,3.4,20-01-2023,Non-VIP,0
1544,P103,C_081,150.0,5,2023-03-18 00:00:00+00:00,750.0,1.9,15-03-2023,VIP,1
1545,P104,C_012,250.5,4,2023-02-19 00:00:00+00:00,1002.0,1.1,23-03-2023,Non-VIP,0
1546,P105,C_042,120.0,5,2023-01-22 00:00:00+00:00,600.0,2.1,23-01-2023,Non-VIP,0
1547,P104,C_032,75.0,3,2023-02-08 00:00:00+00:00,225.0,2.5,25-01-2023,Non-VIP,0
1548,P104,C_029,150.0,2,2023-02-25 00:00:00+00:00,300.0,4.6,18-01-2023,Non-VIP,0
1549,P104,C_049,30.0,1,2023-02-16 00:00:00+00:00,30.0,4.1,31-03-2023,Non-VIP,0
1551,P104,C_024,75.0,3,2023-01-01 00:00:00+00:00,225.0,2.0,31-01-2023,Non-VIP,0
1552,P103,C_090,30.0,3,2023-02-26 00:00:00+00:00,90.0,1.6,06-03-2023,Non-VIP,0
1556,P104,C_084,75.0,3,2023-02-18 00:00:00+00:00,225.0,3.4,31-03-2023,Non-VIP,0
1557,P104,C_057,150.0,5,2023-01-26 00:00:00+00:00,750.0,2.4,11-02-2023,VIP,0
1559,P104,C_037,30.0,3,2023-03-30 00:00:00+00:00,90.0,4.6,03-02-2023,Non-VIP,0
1560,P104,C_097,30.0,2,2023-03-23 00:00:00+00:00,60.0,4.3,19-03-2023,Non-VIP,0
1562,P101,C_068,120.0,4,2023-03-16 00:00:00+00:00,480.0,1.2,01-03-2023,VIP,1
1564,P103,C_079,120.0,1,2023-11-01 00:00:00+00:00,120.0,3.0,11-02-2023,VIP,1
1567,P104,C_053,30.0,1,2023-02-01 00:00:00+00:00,30.0,2.1,06-02-2023,VIP,0
1568,P103,C_039,120.0,1,2023-08-03 00:00:00+00:00,120.0,4.6,26-03-2023,VIP,0
1571,P102,C_055,150.0,4,2023-01-14 00:00:00+00:00,600.0,1.3,19-03-2023,VIP,0
1572,P104,C_021,150.0,1,2023-01-19 00:00:00+00:00,150.0,4.2,20-03-2023,VIP,1
1573,P103,C_054,30.0,2,2023-03-08 00:00:00+00:00,60.0,2.8,17-02-2023,VIP,1
1574,P103,C_071,150.0,4,2023-03-31 00:00:00+00:00,600.0,3.1,09-03-2023,VIP,1
1575,P103,C_019,250.5,1,2023-01-04 00:00:00+00:00,250.5,1.3,28-01-2023,VIP,0
1577,P102,C_077,75.0,5,2023-01-21 00:00:00+00:00,375.0,3.1,07-02-2023,VIP,0
1578,P105,C_065,30.0,2,2023-02-21 00:00:00+00:00,60.0,4.4,07-01-2023,VIP,0
1583,P103,C_036,30.0,1,2023-03-02 00:00:00+00:00,30.0,3.8,09-03-2023,VIP,0
1585,P105,C_061,120.0,1,2023-02-14 00:00:00+00:00,120.0,2.1,11-03-2023,Non-VIP,0
1587,P105,C_086,150.0,1,2023-01-18 00:00:00+00:00,150.0,4.2,28-02-2023,VIP,0
1588,P101,C_041,250.5,1,2023-01-24 00:00:00+00:00,250.5,4.0,12-03-2023,Non-VIP,0
1592,P104,C_047,75.0,2,2023-02-10 00:00:00+00:00,150.0,4.5,15-03-2023,Non-VIP,0
1593,P105,C_017,250.5,1,2023-04-03 00:00:00+00:00,250.5,2.5,02-03-2023,VIP,1
1594,P102,C_060,120.0,5,2023-03-25 00:00:00+00:00,600.0,3.7,15-02-2023,VIP,0
1595,P104,C_098,30.0,4,2023-04-01 00:00:00+00:00,120.0,2.9,19-01-2023,VIP,1
1596,P104,C_032,150.0,5,2023-04-01 00:00:00+00:00,750.0,2.5,25-01-2023,Non-VIP,0
1597,P103,C_015,250.5,2,2023-03-10 00:00:00+00:00,501.0,4.5,13-01-2023,Non-VIP,0
1598,P102,C_069,120.0,1,2023-05-03 00:00:00+00:00,120.0,3.8,20-02-2023,VIP,1
1599,P105,C_025,120.0,1,2023-04-02 00:00:00+00:00,120.0,4.0,30-01-2023,VIP,0
1600,P103,C_080,150.0,1,2023-02-26 00:00:00+00:00,150.0,2.9,30-01-2023,VIP,0
1602,P103,C_015,30.0,3,2023-02-14 00:00:00+00:00,90.0,4.5,13-01-2023,Non-VIP,0
1603,P104,C_026,75.0,2,2023-03-17 00:00:00+00:00,150.0,2.2,25-01-2023,VIP,0
1605,P102,C_037,75.0,1,2023-03-14 00:00:00+00:00,75.0,2.2,09-03-2023,Non-VIP,0
1606,P105,C_046,120.0,5,2023-01-22 00:00:00+00:00,600.0,3.4,22-03-2023,VIP,1
1608,P101,C_028,30.0,1,2023-05-02 00:00:00+00:00,30.0,2.2,25-03-2023,VIP,0
1609,P102,C_027,75.0,2,2023-11-02 00:00:00+00:00,150.0,1.3,26-01-2023,VIP,1
1610,P104,C_073,75.0,5,2023-03-22 00:00:00+00:00,375.0,3.2,03-03-2023,VIP,1
1611,P104,C_059,30.0,1,2023-03-23 00:00:00+00:00,30.0,2.0,20-01-2023,VIP,0
1613,P104,C_073,250.5,5,2023-01-01 00:00:00+00:00,1252.5,3.2,03-03-2023,VIP,1
1615,P101,C_079,30.0,2,2023-02-24 00:00:00+00:00,60.0,2.8,22-01-2023,VIP,1
1617,P105,C_027,120.0,4,2023-02-13 00:00:00+00:00,480.0,1.2,14-01-2023,VIP,1
1619,P101,C_031,30.0,4,2023-01-01 00:00:00+00:00,120.0,1.8,18-03-2023,VIP,1
1620,P102,C_099,75.0,1,2023-08-02 00:00:00+00:00,75.0,3.8,13-01-2023,VIP,1
1624,P101,C_011,75.0,4,2023-10-01 00:00:00+00:00,300.0,2.3,15-01-2023,VIP,0
1625,P105,C_039,120.0,1,2023-02-26 00:00:00+00:00,120.0,1.2,22-03-2023,VIP,0
1626,P101,C_054,150.0,4,2023-03-30 00:00:00+00:00,600.0,1.8,23-03-2023,VIP,1
1630,P105,C_083,150.0,5,2023-03-25 00:00:00+00:00,750.0,2.0,11-03-2023,VIP,1
1632,P102,C_063,120.0,1,2023-02-26 00:00:00+00:00,120.0,3.2,27-03-2023,Non-VIP,0
1633,P101,C_023,75.0,1,2023-03-17 00:00:00+00:00,75.0,4.4,21-01-2023,VIP,1
1634,P104,C_055,30.0,3,2023-01-18 00:00:00+00:00,90.0,1.3,28-03-2023,VIP,0
1636,P105,C_088,250.5,1,2023-04-01 00:00:00+00:00,250.5,3.2,05-01-2023,VIP,1
1639,P104,C_025,75.0,4,2023-03-23 00:00:00+00:00,300.0,2.2,24-03-2023,VIP,0
1640,P101,C_078,150.0,3,2023-10-02 00:00:00+00:00,450.0,4.7,31-01-2023,VIP,1
1641,P104,C_083,30.0,3,2023-11-03 00:00:00+00:00,90.0,3.4,04-03-2023,VIP,1
1642,P102,C_071,150.0,1,2023-03-17 00:00:00+00:00,150.0,4.1,14-01-2023,VIP,1
1643,P101,C_044,75.0,1,2023-01-08 00:00:00+00:00,75.0,2.6,24-02-2023,Non-VIP,0
1645,P104,C_062,150.0,1,2023-10-03 00:00:00+00:00,150.0,4.4,10-03-2023,VIP,0
1647,P105,C_037,75.0,5,2023-02-11 00:00:00+00:00,375.0,4.5,06-03-2023,Non-VIP,0
1650,P101,C_066,150.0,4,2023-03-20 00:00:00+00:00,600.0,2.5,19-03-2023,Non-VIP,0
1652,P102,C_026,150.0,1,2023-01-18 00:00:00+00:00,150.0,4.1,25-03-2023,VIP,0
1653,P101,C_031,30.0,3,2023-08-03 00:00:00+00:00,90.0,1.8,18-03-2023,VIP,1
1654,P103,C_032,250.5,2,2023-04-02 00:00:00+00:00,501.0,2.3,16-03-2023,Non-VIP,0
1655,P101,C_014,250.5,4,2023-04-02 00:00:00+00:00,1002.0,2.5,01-03-2023,Non-VIP,0
1657,P104,C_069,120.0,3,2023-01-08 00:00:00+00:00,360.0,1.3,02-03-2023,VIP,1
1658,P105,C_032,250.5,2,2023-02-02 00:00:00+00:00,501.0,2.1,31-03-2023,Non-VIP,0
1660,P105,C_011,150.0,1,2023-01-02 00:00:00+00:00,150.0,4.2,23-02-2023,VIP,0
1661,P104,C_057,30.0,2,2023-01-23 00:00:00+00:00,60.0,2.4,11-02-2023,VIP,0
1662,P105,C_094,30.0,2,2023-11-02 00:00:00+00:00,60.0,4.4,13-02-2023,Non-VIP,0
1666,P103,C_052,150.0,5,2023-02-28 00:00:00+00:00,750.0,4.4,03-03-2023,Non-VIP,0
1667,P103,C_036,250.5,5,2023-08-02 00:00:00+00:00,1252.5,3.8,09-03-2023,VIP,0
1668,P105,C_042,30.0,3,2023-03-17 00:00:00+00:00,90.0,2.1,23-01-2023,Non-VIP,0
1670,P101,C_040,120.0,3,2023-03-23 00:00:00+00:00,360.0,1.3,01-04-2023,Non-VIP,0
1672,P103,C_024,75.0,5,2023-01-31 00:00:00+00:00,375.0,2.3,25-03-2023,Non-VIP,0
1673,P104,C_018,75.0,1,2023-05-02 00:00:00+00:00,75.0,2.1,30-01-2023,Non-VIP,0
1674,P101,C_040,120.0,4,2023-03-31 00:00:00+00:00,480.0,1.3,01-04-2023,Non-VIP,0
1675,P104,C_021,120.0,1,2023-06-03 00:00:00+00:00,120.0,4.2,20-03-2023,VIP,1
1678,P103,C_051,30.0,3,2023-01-30 00:00:00+00:00,90.0,1.3,10-03-2023,VIP,0
1679,P102,C_028,120.0,1,2023-01-20 00:00:00+00:00,120.0,2.1,31-03-2023,VIP,0
1680,P102,C_068,30.0,3,2023-02-22 00:00:00+00:00,90.0,2.8,04-03-2023,VIP,1
1681,P105,C_056,75.0,4,2023-02-09 00:00:00+00:00,300.0,3.6,01-04-2023,VIP,1
1682,P103,C_026,150.0,2,2023-03-29 00:00:00+00:00,300.0,3.6,28-03-2023,VIP,0
1684,P102,C_056,30.0,5,2023-07-01 00:00:00+00:00,150.0,4.3,04-03-2023,VIP,1
1685,P103,C_044,75.0,1,2023-02-21 00:00:00+00:00,75.0,1.9,07-02-2023,Non-VIP,0
1686,P105,C_081,75.0,1,2023-01-03 00:00:00+00:00,75.0,2.2,09-01-2023,VIP,1
1687,P102,C_026,150.0,1,2023-01-29 00:00:00+00:00,150.0,4.1,25-03-2023,VIP,0
1691,P103,C_026,150.0,4,2023-07-01 00:00:00+00:00,600.0,3.6,28-03-2023,VIP,0
1693,P104,C_098,30.0,2,2023-02-15 00:00:00+00:00,60.0,2.9,19-01-2023,VIP,1
1694,P102,C_046,250.5,4,2023-01-20 00:00:00+00:00,1002.0,4.4,06-01-2023,VIP,1
1695,P105,C_090,120.0,2,2023-03-24 00:00:00+00:00,240.0,3.8,23-03-2023,Non-VIP,0
1696,P104,C_063,120.0,4,2023-08-01 00:00:00+00:00,480.0,3.5,26-03-2023,Non-VIP,0
1700,P105,C_052,30.0,3,2023-01-24 00:00:00+00:00,90.0,3.9,28-02-2023,Non-VIP,0
1702,P104,C_078,250.5,5,2023-01-30 00:00:00+00:00,1252.5,1.2,24-03-2023,VIP,1
1704,P101,C_039,120.0,4,2023-02-15 00:00:00+00:00,480.0,4.7,27-03-2023,VIP,0
1707,P105,C_029,120.0,2,2023-05-03 00:00:00+00:00,240.0,3.9,16-01-2023,Non-VIP,0
1708,P103,C_033,30.0,1,2023-12-01 00:00:00+00:00,30.0,3.3,07-03-2023,Non-VIP,0
1709,P102,C_088,75.0,1,2023-03-09 00:00:00+00:00,75.0,2.8,18-03-2023,VIP,1
1711,P102,C_052,150.0,1,2023-01-19 00:00:00+00:00,150.0,1.3,26-02-2023,Non-VIP,0
1713,P104,C_086,150.0,3,2023-02-08 00:00:00+00:00,450.0,2.6,21-01-2023,VIP,0
1717,P103,C_099,250.5,2,2023-01-23 00:00:00+00:00,501.0,4.4,20-01-2023,VIP,1
1719,P105,C_051,120.0,2,2023-03-23 00:00:00+00:00,240.0,3.3,25-03-2023,VIP,0
1720,P101,C_074,75.0,3,2023-10-01 00:00:00+00:00,225.0,1.9,12-02-2023,VIP,0
1721,P103,C_051,75.0,1,2023-12-01 00:00:00+00:00,75.0,1.3,10-03-2023,VIP,0
1722,P103,C_068,150.0,3,2023-01-27 00:00:00+00:00,450.0,4.6,01-02-2023,VIP,1
1723,P101,C_055,250.5,1,2023-01-01 00:00:00+00:00,250.5,3.0,09-02-2023,VIP,0
1725,P104,C_059,250.5,5,2023-02-18 00:00:00+00:00,1252.5,2.0,20-01-2023,VIP,0
1728,P103,C_024,150.0,3,2023-01-22 00:00:00+00:00,450.0,2.3,25-03-2023,Non-VIP,0
1731,P102,C_088,30.0,2,2023-07-01 00:00:00+00:00,60.0,2.8,18-03-2023,VIP,1
1734,P101,C_017,30.0,5,2023-03-12 00:00:00+00:00,150.0,1.5,18-03-2023,VIP,1
1735,P102,C_017,250.5,1,2023-02-24 00:00:00+00:00,250.5,2.0,14-03-2023,VIP,1
1737,P101,C_014,75.0,2,2023-03-23 00:00:00+00:00,150.0,2.5,01-03-2023,Non-VIP,0
1739,P104,C_095,250.5,1,2023-03-24 00:00:00+00:00,250.5,3.5,26-03-2023,VIP,1
1740,P104,C_034,250.5,4,2023-02-17 00:00:00+00:00,1002.0,2.4,26-02-2023,Non-VIP,0
1741,P104,C_016,250.5,4,2023-03-01 00:00:00+00:00,1002.0,4.0,26-03-2023,Non-VIP,0
1746,P104,C_049,150.0,4,2023-05-01 00:00:00+00:00,600.0,4.1,31-03-2023,Non-VIP,0
1747,P105,C_077,120.0,1,2023-03-21 00:00:00+00:00,120.0,3.1,12-03-2023,VIP,0
1748,P101,C_068,75.0,2,2023-01-28 00:00:00+00:00,150.0,1.2,01-03-2023,VIP,1
1749,P102,C_016,30.0,1,2023-03-29 00:00:00+00:00,30.0,2.5,07-02-2023,Non-VIP,0
1751,P101,C_022,30.0,5,2023-02-20 00:00:00+00:00,150.0,1.6,08-03-2023,Non-VIP,0
1752,P103,C_046,120.0,4,2023-02-01 00:00:00+00:00,480.0,1.7,18-01-2023,VIP,1
1753,P105,C_086,120.0,4,2023-01-15 00:00:00+00:00,480.0,4.2,28-02-2023,VIP,0
1755,P101,C_083,150.0,3,2023-03-10 00:00:00+00:00,450.0,1.4,26-03-2023,VIP,1
1761,P103,C_046,30.0,1,2023-03-29 00:00:00+00:00,30.0,1.7,18-01-2023,VIP,1
1762,P102,C_028,250.5,1,2023-02-26 00:00:00+00:00,250.5,2.1,31-03-2023,VIP,0
1763,P103,C_064,120.0,1,2023-12-01 00:00:00+00:00,120.0,2.1,27-02-2023,VIP,0
1764,P104,C_038,30.0,1,2023-04-03 00:00:00+00:00,30.0,2.5,17-02-2023,Non-VIP,0
1765,P103,C_018,120.0,2,2023-01-09 00:00:00+00:00,240.0,1.4,31-03-2023,Non-VIP,0
1766,P105,C_062,75.0,5,2023-03-14 00:00:00+00:00,375.0,4.1,20-03-2023,VIP,0
1768,P104,C_017,250.5,1,2023-01-26 00:00:00+00:00,250.5,3.2,04-01-2023,VIP,1
1769,P103,C_070,120.0,4,2023-03-23 00:00:00+00:00,480.0,1.4,16-03-2023,VIP,0
1770,P101,C_041,250.5,4,2023-03-18 00:00:00+00:00,1002.0,4.0,12-03-2023,Non-VIP,0
1771,P102,C_071,120.0,5,2023-02-14 00:00:00+00:00,600.0,4.1,14-01-2023,VIP,1
1773,P101,C_060,150.0,2,2023-03-15 00:00:00+00:00,300.0,2.1,17-03-2023,VIP,0
1775,P104,C_076,150.0,1,2023-01-02 00:00:00+00:00,150.0,4.6,15-03-2023,Non-VIP,0
1777,P103,C_088,250.5,1,2023-01-04 00:00:00+00:00,250.5,4.1,13-03-2023,VIP,1
1778,P103,C_065,30.0,3,2023-02-28 00:00:00+00:00,90.0,4.0,29-03-2023,VIP,0
1779,P102,C_070,250.5,1,2023-08-03 00:00:00+00:00,250.5,1.6,15-01-2023,VIP,0
1780,P104,C_085,150.0,1,2023-07-03 00:00:00+00:00,150.0,2.4,07-02-2023,Non-VIP,0
1782,P103,C_098,150.0,4,2023-01-09 00:00:00+00:00,600.0,3.0,26-03-2023,VIP,1
1783,P103,C_092,250.5,3,2023-03-02 00:00:00+00:00,751.5,3.3,11-03-2023,Non-VIP,0
1784,P103,C_035,75.0,5,2023-01-31 00:00:00+00:00,375.0,4.6,04-03-2023,VIP,0
1786,P101,C_094,30.0,3,2023-02-03 00:00:00+00:00,90.0,4.9,14-03-2023,Non-VIP,0
1788,P105,C_035,250.5,1,2023-01-29 00:00:00+00:00,250.5,3.5,04-03-2023,VIP,0
1793,P102,C_056,75.0,1,2023-02-09 00:00:00+00:00,75.0,4.3,04-03-2023,VIP,1
1796,P105,C_020,30.0,2,2023-06-03 00:00:00+00:00,60.0,1.1,27-03-2023,Non-VIP,0
1797,P104,C_078,250.5,4,2023-07-01 00:00:00+00:00,1002.0,1.2,24-03-2023,VIP,1
1798,P102,C_036,250.5,4,2023-03-14 00:00:00+00:00,1002.0,1.8,05-01-2023,VIP,0
1800,P103,C_091,75.0,3,2023-03-23 00:00:00+00:00,225.0,3.0,24-02-2023,Non-VIP,0
1801,P101,C_068,250.5,2,2023-01-22 00:00:00+00:00,501.0,1.2,01-03-2023,VIP,1
1802,P102,C_073,150.0,2,2023-03-20 00:00:00+00:00,300.0,1.9,03-02-2023,VIP,1
1803,P104,C_062,30.0,4,2023-02-19 00:00:00+00:00,120.0,4.4,10-03-2023,VIP,0
1804,P101,C_079,75.0,1,2023-02-17 00:00:00+00:00,75.0,2.8,22-01-2023,VIP,1
1807,P101,C_060,120.0,5,2023-09-02 00:00:00+00:00,600.0,2.1,17-03-2023,VIP,0
1809,P105,C_087,120.0,3,2023-02-25 00:00:00+00:00,360.0,2.8,17-01-2023,Non-VIP,0
1810,P102,C_054,30.0,3,2023-01-25 00:00:00+00:00,90.0,4.7,22-03-2023,VIP,1
1811,P104,C_013,75.0,2,2023-01-17 00:00:00+00:00,150.0,4.2,15-01-2023,Non-VIP,0
1812,P101,C_086,120.0,2,2023-01-16 00:00:00+00:00,240.0,3.1,28-03-2023,VIP,0
1814,P101,C_087,150.0,1,2023-01-14 00:00:00+00:00,150.0,1.2,24-03-2023,Non-VIP,0
1816,P104,C_026,120.0,3,2023-02-03 00:00:00+00:00,360.0,2.2,25-01-2023,VIP,0
1819,P103,C_090,120.0,1,2023-01-18 00:00:00+00:00,120.0,1.6,06-03-2023,Non-VIP,0
1823,P103,C_031,150.0,5,2023-05-03 00:00:00+00:00,750.0,3.0,25-02-2023,VIP,1
1824,P104,C_053,75.0,1,2023-02-01 00:00:00+00:00,75.0,2.1,06-02-2023,VIP,0
1825,P101,C_025,120.0,1,2023-05-03 00:00:00+00:00,120.0,3.9,10-03-2023,VIP,0
1827,P102,C_069,250.5,3,2023-01-03 00:00:00+00:00,751.5,3.8,20-02-2023,VIP,1
1828,P101,C_033,150.0,3,2023-02-16 00:00:00+00:00,450.0,1.7,12-03-2023,Non-VIP,0
1831,P103,C_067,120.0,3,2023-01-12 00:00:00+00:00,360.0,2.6,31-03-2023,VIP,0
1832,P103,C_034,150.0,4,2023-02-21 00:00:00+00:00,600.0,2.2,24-03-2023,Non-VIP,0
1835,P101,C_064,120.0,4,2023-03-14 00:00:00+00:00,480.0,2.3,16-03-2023,VIP,0
1836,P104,C_034,120.0,4,2023-02-15 00:00:00+00:00,480.0,2.4,26-02-2023,Non-VIP,0
1838,P101,C_063,30.0,1,2023-01-09 00:00:00+00:00,30.0,2.1,25-02-2023,Non-VIP,0
1840,P105,C_083,75.0,1,2023-02-13 00:00:00+00:00,75.0,2.0,11-03-2023,VIP,1
1844,P102,C_075,30.0,4,2023-01-22 00:00:00+00:00,120.0,1.0,03-03-2023,VIP,0
1845,P104,C_052,75.0,3,2023-05-02 00:00:00+00:00,225.0,3.5,10-01-2023,Non-VIP,0
1846,P105,C_039,120.0,1,2023-02-18 00:00:00+00:00,120.0,1.2,22-03-2023,VIP,0
1847,P102,C_021,30.0,4,2023-03-15 00:00:00+00:00,120.0,1.7,14-01-2023,VIP,1
1848,P101,C_074,30.0,3,2023-01-16 00:00:00+00:00,90.0,1.9,12-02-2023,VIP,0
1850,P105,C_011,150.0,5,2023-03-21 00:00:00+00:00,750.0,4.2,23-02-2023,VIP,0
1852,P104,C_054,250.5,1,2023-01-29 00:00:00+00:00,250.5,1.9,17-03-2023,VIP,1
1853,P103,C_082,120.0,5,2023-02-03 00:00:00+00:00,600.0,3.8,19-03-2023,Non-VIP,0
1854,P103,C_068,150.0,1,2023-03-26 00:00:00+00:00,150.0,4.6,01-02-2023,VIP,1
1855,P101,C_054,250.5,1,2023-07-02 00:00:00+00:00,250.5,1.8,23-03-2023,VIP,1
1858,P103,C_089,75.0,2,2023-01-16 00:00:00+00:00,150.0,2.4,08-02-2023,Non-VIP,0
1859,P102,C_069,75.0,1,2023-02-13 00:00:00+00:00,75.0,3.8,20-02-2023,VIP,1
1862,P104,C_011,120.0,1,2023-07-01 00:00:00+00:00,120.0,3.6,08-02-2023,VIP,0
1863,P104,C_085,30.0,5,2023-01-23 00:00:00+00:00,150.0,2.4,07-02-2023,Non-VIP,0
1865,P105,C_088,250.5,5,2023-02-19 00:00:00+00:00,1252.5,3.2,05-01-2023,VIP,1
1867,P103,C_068,75.0,2,2023-02-22 00:00:00+00:00,150.0,4.6,01-02-2023,VIP,1
1870,P103,C_098,250.5,1,2023-01-17 00:00:00+00:00,250.5,3.0,26-03-2023,VIP,1
1871,P102,C_075,120.0,1,2023-03-23 00:00:00+00:00,120.0,1.0,03-03-2023,VIP,0
1872,P101,C_056,120.0,4,2023-03-16 00:00:00+00:00,480.0,4.6,10-03-2023,VIP,1
1874,P101,C_077,150.0,1,2023-02-18 00:00:00+00:00,150.0,3.9,15-03-2023,VIP,0
1876,P103,C_098,250.5,2,2023-08-01 00:00:00+00:00,501.0,3.0,26-03-2023,VIP,1
1880,P101,C_059,30.0,4,2023-03-29 00:00:00+00:00,120.0,2.6,08-03-2023,VIP,0
1881,P105,C_017,150.0,1,2023-02-02 00:00:00+00:00,150.0,2.5,02-03-2023,VIP,1
1882,P105,C_067,75.0,1,2023-01-04 00:00:00+00:00,75.0,2.4,07-01-2023,VIP,0
1883,P103,C_086,120.0,1,2023-03-19 00:00:00+00:00,120.0,2.0,02-03-2023,VIP,0
1884,P102,C_048,30.0,2,2023-03-29 00:00:00+00:00,60.0,3.0,28-02-2023,Non-VIP,0
1886,P101,C_065,250.5,5,2023-03-02 00:00:00+00:00,1252.5,2.8,05-03-2023,VIP,0
1888,P102,C_016,75.0,3,2023-03-18 00:00:00+00:00,225.0,2.5,07-02-2023,Non-VIP,0
1889,P105,C_095,250.5,4,2023-03-15 00:00:00+00:00,1002.0,3.7,28-02-2023,VIP,1
1891,P102,C_077,150.0,5,2023-01-21 00:00:00+00:00,750.0,3.1,07-02-2023,VIP,0
1893,P102,C_095,250.5,3,2023-02-16 00:00:00+00:00,751.5,2.0,31-03-2023,VIP,1
1896,P105,C_090,75.0,1,2023-03-29 00:00:00+00:00,75.0,3.8,23-03-2023,Non-VIP,0
1897,P104,C_025,30.0,3,2023-11-03 00:00:00+00:00,90.0,2.2,24-03-2023,VIP,0
1898,P103,C_014,120.0,3,2023-07-03 00:00:00+00:00,360.0,2.1,25-02-2023,Non-VIP,0
1899,P104,C_073,150.0,3,2023-03-25 00:00:00+00:00,450.0,3.2,03-03-2023,VIP,1
1903,P104,C_093,150.0,1,2023-03-29 00:00:00+00:00,150.0,2.5,02-03-2023,Non-VIP,0
1905,P101,C_017,75.0,3,2023-03-13 00:00:00+00:00,225.0,1.5,18-03-2023,VIP,1
1907,P104,C_066,250.5,1,2023-02-19 00:00:00+00:00,250.5,4.8,27-03-2023,Non-VIP,0
1908,P101,C_079,150.0,1,2023-03-21 00:00:00+00:00,150.0,2.8,22-01-2023,VIP,1
1911,P103,C_067,30.0,4,2023-03-26 00:00:00+00:00,120.0,2.6,31-03-2023,VIP,0
1912,P104,C_031,120.0,2,2023-01-18 00:00:00+00:00,240.0,2.8,18-02-2023,VIP,1
1913,P104,C_080,250.5,1,2023-01-19 00:00:00+00:00,250.5,2.9,25-02-2023,VIP,0
1914,P103,C_012,120.0,5,2023-01-19 00:00:00+00:00,600.0,2.4,23-03-2023,Non-VIP,0
1915,P101,C_011,120.0,5,2023-02-20 00:00:00+00:00,600.0,2.3,15-01-2023,VIP,0
1916,P105,C_021,250.5,2,2023-02-14 00:00:00+00:00,501.0,4.2,29-01-2023,VIP,1
1917,P104,C_093,120.0,2,2023-01-21 00:00:00+00:00,240.0,2.5,02-03-2023,Non-VIP,0
1918,P102,C_089,250.5,2,2023-01-15 00:00:00+00:00,501.0,2.5,11-03-2023,Non-VIP,0
1919,P105,C_017,120.0,4,2023-03-24 00:00:00+00:00,480.0,2.5,02-03-2023,VIP,1
1922,P102,C_023,250.5,5,2023-09-01 00:00:00+00:00,1252.5,3.9,26-02-2023,VIP,1
1923,P103,C_073,30.0,3,2023-03-20 00:00:00+00:00,90.0,2.4,27-02-2023,VIP,1
1924,P103,C_099,120.0,2,2023-03-14 00:00:00+00:00,240.0,4.4,20-01-2023,VIP,1
1925,P103,C_051,30.0,2,2023-01-01 00:00:00+00:00,60.0,1.3,10-03-2023,VIP,0
1930,P102,C_079,75.0,3,2023-03-22 00:00:00+00:00,225.0,4.2,30-01-2023,VIP,1
1932,P105,C_062,120.0,2,2023-05-01 00:00:00+00:00,240.0,4.1,20-03-2023,VIP,0
1933,P103,C_080,120.0,4,2023-03-25 00:00:00+00:00,480.0,2.9,30-01-2023,VIP,0
1934,P103,C_061,75.0,5,2023-07-02 00:00:00+00:00,375.0,2.8,08-02-2023,Non-VIP,0
1935,P104,C_075,120.0,1,2023-02-20 00:00:00+00:00,120.0,4.0,05-03-2023,VIP,0
1939,P101,C_039,30.0,2,2023-01-09 00:00:00+00:00,60.0,4.7,27-03-2023,VIP,0
1943,P103,C_085,120.0,5,2023-01-23 00:00:00+00:00,600.0,1.3,22-03-2023,Non-VIP,0
1944,P104,C_057,120.0,1,2023-10-01 00:00:00+00:00,120.0,2.4,11-02-2023,VIP,0
1945,P103,C_059,75.0,5,2023-02-21 00:00:00+00:00,375.0,1.5,17-01-2023,VIP,0
1946,P103,C_073,30.0,5,2023-01-01 00:00:00+00:00,150.0,2.4,27-02-2023,VIP,1
1947,P102,C_067,75.0,2,2023-10-01 00:00:00+00:00,150.0,1.4,17-02-2023,VIP,0
1948,P103,C_038,75.0,2,2023-01-21 00:00:00+00:00,150.0,2.0,16-03-2023,Non-VIP,0
1952,P101,C_027,120.0,5,2023-01-21 00:00:00+00:00,600.0,4.7,23-01-2023,VIP,1
1954,P103,C_034,120.0,4,2023-03-18 00:00:00+00:00,480.0,2.2,24-03-2023,Non-VIP,0
1955,P101,C_095,250.5,1,2023-01-28 00:00:00+00:00,250.5,3.3,30-03-2023,VIP,1
1957,P105,C_029,120.0,2,2023-03-21 00:00:00+00:00,240.0,3.9,16-01-2023,Non-VIP,0
1958,P105,C_044,75.0,1,2023-03-29 00:00:00+00:00,75.0,4.9,21-03-2023,Non-VIP,0
1959,P104,C_087,120.0,1,2023-01-30 00:00:00+00:00,120.0,3.5,15-03-2023,Non-VIP,0
1960,P104,C_027,150.0,1,2023-01-26 00:00:00+00:00,150.0,2.8,26-03-2023,VIP,1
1962,P102,C_071,120.0,5,2023-05-01 00:00:00+00:00,600.0,4.1,14-01-2023,VIP,1
1963,P105,C_026,150.0,4,2023-03-26 00:00:00+00:00,600.0,2.5,21-01-2023,VIP,0
1964,P105,C_080,150.0,1,2023-03-25 00:00:00+00:00,150.0,1.5,27-03-2023,VIP,0
1967,P105,C_023,30.0,2,2023-02-02 00:00:00+00:00,60.0,1.5,26-03-2023,VIP,1
1968,P102,C_021,250.5,5,2023-03-11 00:00:00+00:00,1252.5,1.7,14-01-2023,VIP,1
1969,P103,C_035,150.0,1,2023-01-01 00:00:00+00:00,150.0,4.6,04-03-2023,VIP,0
1970,P105,C_026,120.0,1,2023-02-18 00:00:00+00:00,120.0,2.5,21-01-2023,VIP,0
1971,P102,C_099,250.5,4,2023-02-16 00:00:00+00:00,1002.0,3.8,13-01-2023,VIP,1
1973,P105,C_065,120.0,3,2023-03-20 00:00:00+00:00,360.0,4.4,07-01-2023,VIP,0
1974,P104,C_037,30.0,5,2023-03-13 00:00:00+00:00,150.0,4.6,03-02-2023,Non-VIP,0
1975,P102,C_058,120.0,5,2023-03-03 00:00:00+00:00,600.0,4.7,09-03-2023,VIP,0
1976,P103,C_084,250.5,1,2023-02-20 00:00:00+00:00,250.5,1.8,23-02-2023,Non-VIP,0
1977,P102,C_095,150.0,1,2023-01-30 00:00:00+00:00,150.0,2.0,31-03-2023,VIP,1
1978,P102,C_023,75.0,5,2023-02-21 00:00:00+00:00,375.0,3.9,26-02-2023,VIP,1
1981,P104,C_087,30.0,1,2023-01-09 00:00:00+00:00,30.0,3.5,15-03-2023,Non-VIP,0
1982,P102,C_058,150.0,5,2023-05-01 00:00:00+00:00,750.0,4.7,09-03-2023,VIP,0
1983,P104,C_062,120.0,1,2023-03-08 00:00:00+00:00,120.0,4.4,10-03-2023,VIP,0
1984,P105,C_018,75.0,1,2023-03-05 00:00:00+00:00,75.0,3.8,27-01-2023,Non-VIP,0
1986,P101,C_087,120.0,5,2023-03-31 00:00:00+00:00,600.0,1.2,24-03-2023,Non-VIP,0
1988,P101,C_031,150.0,3,2023-02-21 00:00:00+00:00,450.0,1.8,18-03-2023,VIP,1
1989,P104,C_062,120.0,2,2023-08-03 00:00:00+00:00,240.0,4.4,10-03-2023,VIP,0
1990,P101,C_022,120.0,3,2023-03-13 00:00:00+00:00,360.0,1.6,08-03-2023,Non-VIP,0
1991,P103,C_055,250.5,2,2023-03-19 00:00:00+00:00,501.0,2.1,08-02-2023,VIP,0
1992,P104,C_062,120.0,1,2023-03-02 00:00:00+00:00,120.0,4.4,10-03-2023,VIP,0
1993,P104,C_075,150.0,5,2023-10-01 00:00:00+00:00,750.0,4.0,05-03-2023,VIP,0
1994,P103,C_054,150.0,5,2023-02-02 00:00:00+00:00,750.0,2.8,17-02-2023,VIP,1
1998,P104,C_092,75.0,1,2023-03-31 00:00:00+00:00,75.0,1.7,31-03-2023,Non-VIP,0
2000,P103,C_042,250.5,1,2023-02-21 00:00:00+00:00,250.5,3.7,31-01-2023,Non-VIP,0
1998,P104,C_092,75.0,1,2023-03-31 00:00:00+00:00,75.0,1.7,31-03-2023,Non-VIP,0
2000,P103,C_042,250.5,1,2023-02-21 00:00:00+00:00,250.5,3.7,31-01-2023,Non-VIP,0
